{"kudos": [], "stream_data": {"distance": [0.0, 87.4, 164.9, 246.7, 318.3, 406.8, 495.7, 571.5, 659.4, 743.3, 819.4, 903.3, 981.1, 1061.8, 1149.7, 1219.4, 1310.8, 1390.3, 1481.1, 1549.8, 1630.2, 1721.5, 1799.9, 1875.7, 1959.7, 2039.0, 2126.0, 2201.2, 2285.5, 2377.5, 2451.7, 2542.6, 2620.1, 2690.2, 2779.1, 2872.4, 2936.4, 3027.3, 3106.6, 3187.9, 3267.9, 3354.9, 3439.4, 3517.9, 3595.1, 3678.0, 3765.2, 3840.6, 3914.6, 4007.0, 4095.5, 4160.6, 4253.2, 4329.4, 4410.7, 4502.5, 4584.8, 4667.0, 4740.2, 4828.4, 4907.5, 4989.3, 5069.6, 5147.4, 5234.2, 5314.7, 5390.6, 5475.4, 5553.1, 5639.0, 5722.6, 5806.2, 5879.0, 5968.5, 6052.9, 6128.5, 6202.0, 6290.4, 6368.6, 6465.4, 6541.0, 6615.7, 6706.0, 6780.7, 6860.5, 6958.6, 7033.8, 7113.5, 7201.4, 7276.7, 7358.5, 7446.3, 7515.4, 7605.8, 7679.3, 7769.3, 7856.1, 7934.7, 8017.3, 8093.7], "latlng": [[38.882662, -77.101513], [38.882312, -77.102209], [38.881869, -77.103108], [38.881555, -77.103781], [38.881102, -77.104568], [38.880668, -77.105414], [38.880228, -77.106265], [38.879817, -77.10706], [38.879718, -77.108032], [38.879763, -77.108989], [38.879782, -77.109924], [38.880076, -77.110894], [38.880302, -77.111757], [38.88032, -77.112664], [38.880253, -77.113587], [38.879883, -77.114664], [38.879641, -77.11567], [38.879437, -77.116544], [38.879198, -77.117544], [38.879018, -77.118222], [38.878746, -77.119121], [38.878464, -77.120107], [38.878214, -77.120949], [38.877847, -77.121661], [38.877222, -77.122204], [38.876658, -77.122696], [38.87596, -77.123234], [38.87548, -77.123635], [38.874737, -77.124201], [38.87403, -77.124754], [38.873465, -77.125212], [38.872793, -77.125811], [38.872214, -77.126309], [38.871705, -77.126787], [38.871209, -77.127577], [38.87093, -77.128589], [38.870895, -77.12932], [38.871038, -77.130351], [38.871418, -77.131123], [38.871868, -77.131862], [38.872362, -77.132436], [38.873065, -77.132869], [38.873769, -77.133229], [38.874423, -77.133565], [38.875104, -77.133693], [38.875568, -77.134376], [38.876235, -77.134982], [38.876768, -77.135519], [38.877275, -77.136074], [38.877866, -77.136823], [38.878401, -77.137579], [38.878802, -77.13813], [38.879254, -77.138427], [38.879257, -77.137563], [38.879196, -77.136631], [38.87945, -77.135621], [38.879546, -77.134679], [38.879579, -77.133732], [38.879651, -77.132894], [38.879718, -77.131883], [38.879772, -77.130971], [38.879817, -77.130027], [38.879849, -77.1291], [38.879803, -77.128212], [38.879999, -77.127267], [38.880312, -77.126444], [38.88068, -77.125629], [38.881004, -77.124749], [38.881432, -77.124044], [38.881904, -77.123259], [38.882331, -77.122482], [38.882907, -77.121862], [38.882929, -77.121095], [38.882725, -77.120141], [38.882297, -77.119303], [38.882131, -77.11846], [38.88212, -77.117616], [38.882172, -77.116598], [38.882191, -77.115576], [38.88217, -77.114458], [38.882144, -77.113589], [38.882252, -77.112737], [38.882341, -77.111708], [38.882371, -77.110847], [38.882521, -77.109748], [38.882616, -77.108629], [38.88259, -77.107802], [38.882431, -77.106974], [38.882626, -77.106042], [38.882747, -77.10516], [38.882994, -77.104277], [38.883281, -77.103326], [38.883603, -77.102655], [38.884048, -77.10177], [38.884287, -77.100969], [38.884611, -77.100017], [38.88453, -77.09905], [38.884067, -77.098881], [38.883553, -77.099517], [38.883075, -77.100197]]}, "id": 405388670, "comments": []}