{"kudos": [], "stream_data": {"distance": [0.0, 88.2, 179.8, 273.3, 374.8, 463.4, 555.9, 654.7, 734.5, 829.7, 933.5, 1024.7, 1115.2, 1206.2, 1300.0, 1387.0, 1480.2, 1587.1, 1671.9, 1770.3, 1868.9, 1953.5, 2051.0, 2144.0, 2241.2, 2319.7, 2425.7, 2511.3, 2609.5, 2698.8, 2787.2, 2884.3, 2975.2, 3061.4, 3151.2, 3244.8, 3348.9, 3438.2, 3540.8, 3616.0, 3708.0, 3814.7, 3902.1, 3999.3, 4085.1, 4187.7, 4267.4, 4360.4, 4470.2, 4553.5, 4646.3, 4740.5, 4824.3, 4927.7, 5023.2, 5111.2, 5209.7, 5290.0, 5396.7, 5488.3, 5574.5, 5667.9, 5762.9, 5853.5, 5946.6, 6047.6, 6125.8, 6221.7, 6316.5, 6410.0, 6507.6, 6605.9, 6682.8, 6785.4, 6880.3, 6967.1, 7063.8, 7153.8, 7247.3, 7336.6, 7443.3, 7526.7, 7617.5, 7714.4, 7810.5, 7902.7, 7993.8, 8078.8, 8175.3, 8277.1, 8356.8, 8447.8, 8545.5, 8638.4, 8732.6, 8827.8, 8924.5, 9007.4, 9108.7, 9199.7], "latlng": [[38.8865, -77.105265], [38.886683, -77.106286], [38.886134, -77.107396], [38.885935, -77.108429], [38.885478, -77.109375], [38.885351, -77.110377], [38.885995, -77.110812], [38.887123, -77.110349], [38.886915, -77.109739], [38.886064, -77.109624], [38.885676, -77.110432], [38.886425, -77.110707], [38.88717, -77.110464], [38.886842, -77.109706], [38.886046, -77.109636], [38.885663, -77.110392], [38.886419, -77.110703], [38.886503, -77.110632], [38.885805, -77.110483], [38.886131, -77.109668], [38.887013, -77.109777], [38.887144, -77.11055], [38.88626, -77.110643], [38.885697, -77.110147], [38.886419, -77.109694], [38.887107, -77.109825], [38.886941, -77.110729], [38.88613, -77.110667], [38.885778, -77.109898], [38.886539, -77.10973], [38.887143, -77.109986], [38.886617, -77.110688], [38.885813, -77.110586], [38.88585, -77.109741], [38.886645, -77.109692], [38.887246, -77.110254], [38.886528, -77.110732], [38.885755, -77.110508], [38.886089, -77.109647], [38.886766, -77.109698], [38.887224, -77.110366], [38.886418, -77.110665], [38.88573, -77.110335], [38.886267, -77.10969], [38.88703, -77.109806], [38.886951, -77.110691], [38.886275, -77.110668], [38.885728, -77.110067], [38.886598, -77.109724], [38.887214, -77.110102], [38.886692, -77.110697], [38.885856, -77.110585], [38.885895, -77.109809], [38.886851, -77.109754], [38.887117, -77.110551], [38.886365, -77.110695], [38.885694, -77.110228], [38.886167, -77.109668], [38.887107, -77.109821], [38.887048, -77.110772], [38.885709, -77.110024], [38.886407, -77.109641], [38.887172, -77.109963], [38.886659, -77.109705], [38.885841, -77.109786], [38.886068, -77.110707], [38.886767, -77.110744], [38.886573, -77.110646], [38.885767, -77.110355], [38.88624, -77.109693], [38.887071, -77.109819], [38.886929, -77.110691], [38.886241, -77.110661], [38.885794, -77.109913], [38.886582, -77.109725], [38.887189, -77.11017], [38.886582, -77.11071], [38.885799, -77.110534], [38.886015, -77.10971], [38.88686, -77.109759], [38.887047, -77.110622], [38.886257, -77.110662], [38.885734, -77.110053], [38.886445, -77.10967], [38.887196, -77.109973], [38.886589, -77.110895], [38.885792, -77.110895], [38.885683, -77.109939], [38.885979, -77.108904], [38.886143, -77.107665], [38.886157, -77.106749], [38.886165, -77.105705], [38.886137, -77.104585], [38.885705, -77.103977], [38.884864, -77.103984], [38.884046, -77.103688], [38.883155, -77.103274], [38.882431, -77.103041], [38.882189, -77.102083], [38.882588, -77.101169]]}, "id": 405388681, "comments": []}