{"kudos": [], "stream_data": {"distance": [0.0, 46.9, 105.6, 159.4, 210.4, 258.9, 318.9, 373.6, 428.3, 484.1, 531.4, 580.6, 628.8, 691.7, 742.1, 800.6, 844.7, 904.6, 957.0, 1003.4, 1070.8, 1112.0, 1169.4, 1217.4, 1278.4, 1325.3, 1392.1, 1429.2, 1484.0, 1537.9, 1587.8, 1640.6, 1697.0, 1756.6, 1806.6, 1871.5, 1909.8, 1965.1, 2013.3, 2064.6, 2125.1, 2178.2, 2233.2, 2283.8, 2345.0, 2389.0, 2443.6, 2494.4, 2546.3, 2603.2, 2654.6, 2709.1, 2763.0, 2825.4, 2879.8, 2920.6, 2972.5, 3030.0, 3090.5, 3146.8, 3188.4, 3244.4, 3300.7, 3344.3, 3402.8, 3462.6, 3506.1, 3565.0, 3614.2, 3663.4, 3715.2, 3780.6, 3835.2, 3889.5, 3933.9, 3982.7, 4033.4, 4088.4, 4148.2, 4194.0, 4252.4, 4301.2, 4365.5, 4425.0, 4464.7, 4520.0, 4579.4, 4623.7, 4683.1, 4741.7, 4784.5, 4839.8, 4896.3, 4948.0, 5008.1, 5058.6, 5100.3, 5161.3, 5209.4, 5265.5], "latlng": [[38.883048, -77.100709], [38.882766, -77.100971], [38.882277, -77.100756], [38.881795, -77.1008], [38.881335, -77.100777], [38.880896, -77.100782], [38.880355, -77.100766], [38.879874, -77.100667], [38.87941, -77.100453], [38.878931, -77.100259], [38.878529, -77.100075], [38.878107, -77.099901], [38.877699, -77.099714], [38.877179, -77.099433], [38.876744, -77.099279], [38.876363, -77.099659], [38.876184, -77.100077], [38.875876, -77.100683], [38.875621, -77.101191], [38.875405, -77.101648], [38.875088, -77.102312], [38.874903, -77.102723], [38.874628, -77.103286], [38.874391, -77.10374], [38.874157, -77.104372], [38.873847, -77.104705], [38.873374, -77.104252], [38.873134, -77.103955], [38.872807, -77.103484], [38.872471, -77.103035], [38.872171, -77.102606], [38.871851, -77.102157], [38.871498, -77.101687], [38.871129, -77.101189], [38.870911, -77.100876], [38.8711, -77.100019], [38.871212, -77.099602], [38.871311, -77.098977], [38.871388, -77.09843], [38.871575, -77.097913], [38.871693, -77.097235], [38.871898, -77.096685], [38.872014, -77.096072], [38.872114, -77.09551], [38.872298, -77.094842], [38.872433, -77.094365], [38.872654, -77.093806], [38.872805, -77.093252], [38.872898, -77.092666], [38.87305, -77.092039], [38.873218, -77.091485], [38.873338, -77.090877], [38.873503, -77.09029], [38.873685, -77.08961], [38.87387, -77.089035], [38.873987, -77.088589], [38.874137, -77.088021], [38.874289, -77.087388], [38.874455, -77.086723], [38.87462, -77.08611], [38.874775, -77.085675], [38.87508, -77.085173], [38.875309, -77.084616], [38.875596, -77.084339], [38.875959, -77.084844], [38.87633, -77.085389], [38.876493, -77.085594], [38.876975, -77.086245], [38.877273, -77.086665], [38.877569, -77.087088], [38.877893, -77.087518], [38.878283, -77.088084], [38.878611, -77.088553], [38.87895, -77.089006], [38.879227, -77.089375], [38.879575, -77.089718], [38.879955, -77.090042], [38.880395, -77.090328], [38.880872, -77.090647], [38.881253, -77.090839], [38.881731, -77.091121], [38.882128, -77.091362], [38.882642, -77.091702], [38.883128, -77.091991], [38.883447, -77.092198], [38.883881, -77.09251], [38.884317, -77.09291], [38.884406, -77.093403], [38.884528, -77.094099], [38.884502, -77.09494], [38.884456, -77.095432], [38.884427, -77.096068], [38.88439, -77.096686], [38.884347, -77.097313], [38.884316, -77.098003], [38.884331, -77.098588], [38.884069, -77.098922], [38.883645, -77.099371], [38.88335, -77.099772], [38.883043, -77.100285]]}, "id": 405388701, "comments": []}