{"kudos": [], "stream_data": {"distance": [5.3, 53.7, 105.4, 158.9, 215.4, 260.4, 321.3, 373.3, 429.9, 489.2, 529.5, 584.8, 651.2, 694.2, 752.5, 812.1, 854.3, 904.9, 956.7, 1017.8, 1061.5, 1118.1, 1169.1, 1225.6, 1283.2, 1331.6, 1390.6, 1440.0, 1491.2, 1543.5, 1596.5, 1658.8, 1715.4, 1753.6, 1804.9, 1867.2, 1921.2, 1975.1, 2028.5, 2079.8, 2130.0, 2186.1, 2242.8, 2282.4, 2345.8, 2406.7, 2445.5, 2500.6, 2564.2, 2605.2, 2662.3, 2707.3, 2777.7, 2828.3, 2886.5, 2926.7, 2985.1, 3025.8, 3090.0, 3134.7, 3194.6, 3256.6, 3292.5, 3357.1, 3405.9, 3462.5, 3522.2, 3559.1, 3621.8, 3673.7, 3725.5, 3777.7, 3836.5, 3889.0, 3945.7, 3992.9, 4053.1, 4092.8, 4153.7, 4208.5, 4257.7, 4309.5, 4364.5, 4407.9, 4466.4, 4513.9, 4570.7, 4638.8, 4679.4, 4739.6, 4793.3, 4844.1, 4895.2, 4957.0, 5000.8, 5048.5, 5112.9, 5166.5, 5224.9, 5268.5], "latlng": [[38.882966, -77.100865], [38.882667, -77.101045], [38.882226, -77.100917], [38.881755, -77.100801], [38.881248, -77.100779], [38.880845, -77.10075], [38.880299, -77.100705], [38.879852, -77.100551], [38.879385, -77.100294], [38.878889, -77.10005], [38.878587, -77.099909], [38.878082, -77.099698], [38.87751, -77.099495], [38.877149, -77.099327], [38.876685, -77.099337], [38.876315, -77.099879], [38.876101, -77.10028], [38.875867, -77.100779], [38.87562, -77.101284], [38.875349, -77.101851], [38.875153, -77.102325], [38.874883, -77.102873], [38.87463, -77.103359], [38.874303, -77.10385], [38.874063, -77.104432], [38.873693, -77.104557], [38.8733, -77.1041], [38.872998, -77.103689], [38.872693, -77.103248], [38.872329, -77.102855], [38.871988, -77.102429], [38.871612, -77.101905], [38.871259, -77.101433], [38.871027, -77.101109], [38.870929, -77.100643], [38.871124, -77.099923], [38.871249, -77.099324], [38.871319, -77.098705], [38.871479, -77.09818], [38.871587, -77.097569], [38.871795, -77.09706], [38.871927, -77.096439], [38.872057, -77.095806], [38.872115, -77.095358], [38.872301, -77.094667], [38.872532, -77.094034], [38.872703, -77.093647], [38.872849, -77.093041], [38.87297, -77.092326], [38.873107, -77.091887], [38.873242, -77.091254], [38.87335, -77.090753], [38.873575, -77.089997], [38.873711, -77.089442], [38.873911, -77.088827], [38.87402, -77.088385], [38.874183, -77.087746], [38.874303, -77.087303], [38.874492, -77.086603], [38.874619, -77.086113], [38.874886, -77.085519], [38.875137, -77.084895], [38.875342, -77.084585], [38.875776, -77.084601], [38.876075, -77.085011], [38.876412, -77.085496], [38.876774, -77.086005], [38.876995, -77.086322], [38.877387, -77.086843], [38.877692, -77.087293], [38.878022, -77.087715], [38.878307, -77.088138], [38.87868, -77.088678], [38.878997, -77.089126], [38.879363, -77.08958], [38.879697, -77.089913], [38.880166, -77.090261], [38.880492, -77.090447], [38.880993, -77.090724], [38.881438, -77.090992], [38.881831, -77.091253], [38.882246, -77.091527], [38.882702, -77.091776], [38.883054, -77.091993], [38.883525, -77.092296], [38.883905, -77.092548], [38.884342, -77.092889], [38.884432, -77.093605], [38.884441, -77.094083], [38.884464, -77.094779], [38.884431, -77.095396], [38.8844, -77.09598], [38.884363, -77.096567], [38.88434, -77.09728], [38.884306, -77.097782], [38.884287, -77.09833], [38.884042, -77.098931], [38.883678, -77.099334], [38.88331, -77.099816], [38.883072, -77.100216]]}, "id": 414927638, "comments": []}