{"kudos": [], "stream_data": {"distance": [0.0, 211.5, 414.4, 616.9, 815.3, 1016.8, 1233.7, 1438.4, 1624.9, 1835.9, 2049.4, 2253.1, 2456.4, 2661.2, 2858.4, 3070.8, 3265.5, 3464.5, 3673.6, 3868.0, 4082.9, 4292.6, 4478.2, 4703.1, 4892.4, 5110.1, 5316.2, 5508.1, 5721.3, 5920.9, 6126.7, 6331.3, 6542.1, 6744.5, 6941.2, 7144.8, 7340.2, 7555.6, 7766.7, 7964.9, 8170.4, 8382.0, 8577.6, 8788.1, 8975.8, 9186.6, 9402.1, 9591.7, 9805.2, 10011.2, 10204.5, 10417.0, 10623.8, 10823.6, 11036.1, 11240.8, 11447.4, 11649.9, 11853.6, 12058.3, 12248.6, 12450.8, 12657.2, 12875.5, 13068.5, 13270.6, 13485.9, 13684.5, 13880.3, 14086.2, 14293.3, 14504.8, 14700.2, 14917.6, 15105.2, 15323.9, 15518.3, 15715.4, 15929.2, 16136.8, 16333.5, 16542.9, 16745.1, 16956.6, 17149.9, 17359.9, 17567.5, 17762.3, 17971.1, 18173.5, 18381.3, 18592.9, 18796.3, 18990.2, 19200.2, 19400.8, 19611.7, 19811.0, 20018.9, 20218.6], "latlng": [[38.882882, -77.100877], [38.884027, -77.09896], [38.884327, -77.096798], [38.884532, -77.094596], [38.884512, -77.092313], [38.884639, -77.089999], [38.884661, -77.087501], [38.884997, -77.085219], [38.88638, -77.084021], [38.887188, -77.081934], [38.888189, -77.079904], [38.889602, -77.078411], [38.890882, -77.076778], [38.891624, -77.074618], [38.89249, -77.072635], [38.891934, -77.071653], [38.890273, -77.071331], [38.889378, -77.069838], [38.887924, -77.068854], [38.887898, -77.066666], [38.886317, -77.065388], [38.884803, -77.065769], [38.884195, -77.064456], [38.884779, -77.062074], [38.885096, -77.060062], [38.884383, -77.058274], [38.883628, -77.056538], [38.882732, -77.057725], [38.880892, -77.057167], [38.879114, -77.056866], [38.877289, -77.056934], [38.875474, -77.057306], [38.873654, -77.05796], [38.872019, -77.05896], [38.870427, -77.059761], [38.868608, -77.05964], [38.867203, -77.059381], [38.865622, -77.060801], [38.865801, -77.063202], [38.865295, -77.065356], [38.864331, -77.067357], [38.862573, -77.068246], [38.860884, -77.068242], [38.859182, -77.069291], [38.857822, -77.070547], [38.856138, -77.071656], [38.854404, -77.07274], [38.852938, -77.073837], [38.851271, -77.075044], [38.849687, -77.076273], [38.848177, -77.077364], [38.846368, -77.077178], [38.844753, -77.076001], [38.843735, -77.076892], [38.843607, -77.079254], [38.84316, -77.081538], [38.843524, -77.083859], [38.843792, -77.085833], [38.844597, -77.087543], [38.844985, -77.089832], [38.845645, -77.091856], [38.846465, -77.093933], [38.847447, -77.095946], [38.848626, -77.09795], [38.849738, -77.099656], [38.85097, -77.101365], [38.852403, -77.103028], [38.853759, -77.104387], [38.855029, -77.105942], [38.855939, -77.107997], [38.856705, -77.110041], [38.858131, -77.111578], [38.859784, -77.112316], [38.861383, -77.113736], [38.862112, -77.11565], [38.863062, -77.117808], [38.864523, -77.119026], [38.865376, -77.120972], [38.866122, -77.123181], [38.867213, -77.125094], [38.867881, -77.127095], [38.868845, -77.128924], [38.869971, -77.130731], [38.871622, -77.131924], [38.87102, -77.130432], [38.870955, -77.128069], [38.872081, -77.126238], [38.87353, -77.12498], [38.875116, -77.123697], [38.876634, -77.122416], [38.878053, -77.120919], [38.878726, -77.118651], [38.879328, -77.116442], [38.879776, -77.114283], [38.879945, -77.111881], [38.880018, -77.109607], [38.879903, -77.107206], [38.880658, -77.105175], [38.881686, -77.103177], [38.882591, -77.101189]]}, "id": 416680264, "comments": []}